{
  "type": "FeatureCollection",
  "features": [
    {
      "type": "Feature",
      "geometry": {
        "type": "Point",
        "coordinates": [
          37.7837,
          55.7852
        ]
      },
      "properties": {
        "balloonContent": "Мастер-1",
        "hintContent": "Адрес-1"
      },
      "options": {
        "preset": "islands#violetDotIcon"
      }
    },
    {
      "type": "Feature",
      "geometry": {
        "type": "Point",
        "coordinates": [
          37.9046,
          55.6860
        ]
      },
      "properties": {
        "balloonContent": "Мастер-2",
        "hintContent": "Адрес-2"
      },
      "options": {
        "preset": "islands#violetDotIcon"
      }
    },
    {
      "type": "Feature",
      "geometry": {
        "type": "Point",
        "coordinates": [
          37.3580,
          55.6844
        ]
      },
      "properties": {
        "balloonContent": "Мастер-1",
        "hintContent": "Адрес-1"
      },
      "options": {
        "preset": "islands#violetDotIcon"
      }
    },
    {
      "type": "Feature",
      "geometry": {
        "type": "Point",
        "coordinates": [
          37.6876,
          55.9042
        ]
      },
      "properties": {
        "balloonContent": "Мастер-1",
        "hintContent": "Адрес-1"
      },
      "options": {
        "preset": "islands#violetDotIcon"
      }
    },
    {
      "type": "Feature",
      "geometry": {
        "type": "Point",
        "coordinates": [
          37.6958,
          55.7031
        ]
      },
      "properties": {
        "balloonContent": "Мастер-1",
        "hintContent": "Адрес-1"
      },
      "options": {
        "preset": "islands#violetDotIcon"
      }
    },
    {
      "type": "Feature",
      "geometry": {
        "type": "Point",
        "coordinates": [
          37.5201,
          55.7201
        ]
      },
      "properties": {
        "balloonContent": "Мастер-1",
        "hintContent": "Адрес-1"
      },
      "options": {
        "preset": "islands#violetDotIcon"
      }
    },
    {
      "type": "Feature",
      "geometry": {
        "type": "Point",
        "coordinates": [
          37.6766,
          55.5834
        ]
      },
      "properties": {
        "balloonContent": "Мастер-1",
        "hintContent": "Адрес-1",
        "iconContent": "1"
      },
      "options": {
        "preset": "islands#violetIcon"
      }
    }
  ]
}
